<?xml version="1.0" encoding="UTF-8"?>
<metadata xmlns="http://www.demandware.com/xml/impex/metadata/2006-10-31">
    <type-extension type-id="Content">
        <custom-attribute-definitions>
            <attribute-definition attribute-id="fsGenerationTime">
                <display-name xml:lang="x-default">FirstSpirit Generation Time</display-name>
                <type>string</type>
                <localizable-flag>false</localizable-flag>
                <site-specific-flag>false</site-specific-flag>
                <mandatory-flag>false</mandatory-flag>
                <externally-managed-flag>false</externally-managed-flag>
                <min-length>0</min-length>
            </attribute-definition>
        </custom-attribute-definitions>
        <group-definitions>
            <attribute-group group-id="FirstSpirit">
                <display-name xml:lang="x-default">FirstSpirit</display-name>
                <attribute attribute-id="fsGenerationTime"/>
            </attribute-group>
        </group-definitions>
    </type-extension>
    <type-extension type-id="SlotConfiguration">
        <custom-attribute-definitions>
            <attribute-definition attribute-id="fsGenerationTime">
                <display-name xml:lang="x-default">FirstSpirit Generation Time</display-name>
                <type>string</type>
                <localizable-flag>false</localizable-flag>
                <mandatory-flag>false</mandatory-flag>
                <externally-managed-flag>false</externally-managed-flag>
                <min-length>0</min-length>
            </attribute-definition>
        </custom-attribute-definitions>
        <group-definitions>
            <attribute-group group-id="FirstSpirit">
                <display-name xml:lang="x-default">FirstSpirit</display-name>
                <attribute attribute-id="fsGenerationTime"/>
            </attribute-group>
        </group-definitions>
    </type-extension>
</metadata>
