<?xml version="1.0" encoding="UTF-8"?>
<jobs xmlns="http://www.demandware.com/xml/impex/jobs/2015-07-01">
    <job job-id="FirstSpirit-Import" priority="0">
        <description>Imports the content assets and slot configurations generated by FirstSpirit.</description>
        <parameters/>
        <split sequential="false">
            <flow>
                <context site-id="RefArch"/>
                <step step-id="Import Content" type="ImportContent" enforce-restart="false">
                    <description/>
                    <parameters>
                        <parameter name="WorkingFolder">/firstspirit/RefArch</parameter>
                        <parameter name="FileNamePattern">fs_import_library.xml</parameter>
                        <parameter name="NoFilesFoundHandling">NO_FILES_FOUND</parameter>
                        <parameter name="ImportMode">Merge</parameter>
                        <parameter name="ImportFailedHandling">ERROR</parameter>
                        <parameter name="AfterImportFileHandling">Archive</parameter>
                        <parameter name="ArchiveFolder">archive</parameter>
                    </parameters>
                </step>
            </flow>
            <flow>
                <context site-id="RefArch"/>
                <step step-id="Import Content Slots" type="ImportContentSlots" enforce-restart="false">
                    <description/>
                    <parameters>
                        <parameter name="WorkingFolder">/firstspirit/RefArch</parameter>
                        <parameter name="FileNamePattern">fs_import_slot_configuration.xml</parameter>
                        <parameter name="NoFilesFoundHandling">NO_FILES_FOUND</parameter>
                        <parameter name="ImportMode">Merge</parameter>
                        <parameter name="ImportFailedHandling">ERROR</parameter>
                        <parameter name="AfterImportFileHandling">Archive</parameter>
                        <parameter name="ArchiveFolder">archive</parameter>
                    </parameters>
                </step>
            </flow>
        </split>
        <rules/>
        <triggers>
            <run-once enabled="false">
                <date>2018-06-13Z</date>
                <time>08:41:00.000Z</time>
            </run-once>
        </triggers>
    </job>
</jobs>
